{
  "dataset": "octmnist",
  "total_epochs": 3,
  "final_train_loss": 0.3494016099183422,
  "final_val_loss": 0.33919125734006655,
  "final_train_acc": 87.82379433097039,
  "final_val_acc": 88.00775480059085,
  "best_val_acc": 88.00775480059085,
  "best_epoch": 3,
  "training_time_per_epoch": "~110 seconds (estimated)",
  "total_training_time": "~5.5 minutes",
  "model_parameters": "1,148,942",
  "batch_size": 64,
  "learning_rate": 0.001
}