{
  "train_losses": [
    0.619977257099599,
    0.40373584586061206,
    0.3494016099183422
  ],
  "val_losses": [
    0.46702675880754696,
    0.37623421348193115,
    0.33919125734006655
  ],
  "train_accs": [
    77.63267232270177,
    85.95463545246571,
    87.82379433097039
  ],
  "val_accs": [
    83.91802067946824,
    87.33382570162482,
    88.00775480059085
  ],
  "dataset_name": "octmnist",
  "epochs": 3,
  "batch_size": 64,
  "lr": 0.001
}