{
  "train_losses": [
    0.181259614264421,
    0.1730294408308556,
    0.17027501123725833
  ],
  "val_losses": [
    0.1726837887174704,
    0.1675850066610358,
    0.16644882690161467
  ],
  "train_accs": [
    53.945557424682676,
    54.03986338379976,
    54.03604016924096
  ],
  "val_accs": [
    54.18486496122649,
    54.18486496122649,
    54.10464390765665
  ],
  "dataset_name": "chestmnist",
  "epochs": 3,
  "batch_size": 64,
  "lr": 0.001
}